time,strategy,identifier,symbol,side,type,status,multiplier,time_in_force,asset.strike,asset.multiplier,asset.asset_type,price,filled_quantity,trade_cost
1998-01-02 09:30:00-05:00,DCA,d1dea82f5f294ec48d7c2defcede1b09,SPY,buy,market,new,1,gtc,0.0,1,stock,,,
1998-01-02 09:30:00-05:00,DCA,d1dea82f5f294ec48d7c2defcede1b09,SPY,buy,market,fill,1,gtc,0.0,1,stock,97.3125,4.316481327135677,0.0
1998-02-02 09:30:00-05:00,DCA,5bc17590ec47477597259ba5d089ddca,SPY,buy,market,new,1,gtc,0.0,1,stock,,,
1998-02-02 09:30:00-05:00,DCA,5bc17590ec47477597259ba5d089ddca,SPY,buy,market,fill,1,gtc,0.0,1,stock,99.90625,4.596626882294112,0.0
1998-03-05 09:30:00-05:00,DCA,5d9e55a842724a06951acb4d69748d11,SPY,buy,market,new,1,gtc,0.0,1,stock,,,
1998-03-05 09:30:00-05:00,DCA,5d9e55a842724a06951acb4d69748d11,SPY,buy,market,fill,1,gtc,0.0,1,stock,103.5,4.750942849859585,0.0
1998-04-06 09:30:00-04:00,DCA,da1a6aedb7f34d4aaeb3235e9e7b2911,SPY,buy,market,new,1,gtc,0.0,1,stock,,,
1998-04-06 09:30:00-04:00,DCA,da1a6aedb7f34d4aaeb3235e9e7b2911,SPY,buy,market,fill,1,gtc,0.0,1,stock,111.75,4.083078575453336,0.0
1998-05-07 09:30:00-04:00,DCA,4fc7a8af524d402ea5e0939f2dd99830,SPY,buy,market,new,1,gtc,0.0,1,stock,,,
1998-05-07 09:30:00-04:00,DCA,4fc7a8af524d402ea5e0939f2dd99830,SPY,buy,market,fill,1,gtc,0.0,1,stock,110.0,4.24082294278147,0.0
1998-06-08 09:30:00-04:00,DCA,1c34ae740c86453cb0d718794493260a,SPY,buy,market,new,1,gtc,0.0,1,stock,,,
1998-06-08 09:30:00-04:00,DCA,1c34ae740c86453cb0d718794493260a,SPY,buy,market,fill,1,gtc,0.0,1,stock,111.71875,4.10092437655013,0.0
1998-07-09 09:30:00-04:00,DCA,7092e786b143481d9ddc23ae7ad17007,SPY,buy,market,new,1,gtc,0.0,1,stock,,,
1998-07-09 09:30:00-04:00,DCA,7092e786b143481d9ddc23ae7ad17007,SPY,buy,market,fill,1,gtc,0.0,1,stock,116.03125,3.677712495929378,0.0
1998-08-10 09:30:00-04:00,DCA,790055be389a476c8f22990a96584d86,SPY,buy,market,new,1,gtc,0.0,1,stock,,,
1998-08-10 09:30:00-04:00,DCA,790055be389a476c8f22990a96584d86,SPY,buy,market,fill,1,gtc,0.0,1,stock,106.78125,4.10799855377757,0.0
1998-09-10 09:30:00-04:00,DCA,45553b657d044587adc110e8d14f2122,SPY,buy,market,new,1,gtc,0.0,1,stock,,,
1998-09-10 09:30:00-04:00,DCA,45553b657d044587adc110e8d14f2122,SPY,buy,market,fill,1,gtc,0.0,1,stock,98.1875,4.587178957055471,0.0
1998-10-12 09:30:00-04:00,DCA,4d06d6b492ae466b82ca6b6eb8a98481,SPY,buy,market,new,1,gtc,0.0,1,stock,,,
1998-10-12 09:30:00-04:00,DCA,4d06d6b492ae466b82ca6b6eb8a98481,SPY,buy,market,fill,1,gtc,0.0,1,stock,99.5625,5.236221563561056,0.0
1998-11-12 09:30:00-05:00,DCA,d7a71906e7c944799ac363445365d748,SPY,buy,market,new,1,gtc,0.0,1,stock,,,
1998-11-12 09:30:00-05:00,DCA,d7a71906e7c944799ac363445365d748,SPY,buy,market,fill,1,gtc,0.0,1,stock,112.3125,4.337423845213328,0.0
1998-12-14 09:30:00-05:00,DCA,6623a77d36114c4bb26e8bafd5a722bf,SPY,buy,market,new,1,gtc,0.0,1,stock,,,
1998-12-14 09:30:00-05:00,DCA,6623a77d36114c4bb26e8bafd5a722bf,SPY,buy,market,fill,1,gtc,0.0,1,stock,116.15625,4.458240514503147,0.0
1999-01-14 09:30:00-05:00,DCA,9dca50c3113e454ab814ad4c478b3894,SPY,buy,market,new,1,gtc,0.0,1,stock,,,
1999-01-14 09:30:00-05:00,DCA,9dca50c3113e454ab814ad4c478b3894,SPY,buy,market,fill,1,gtc,0.0,1,stock,123.625,4.158387197150069,0.0
1999-02-16 09:30:00-05:00,DCA,1f647cb3ec1c4dd695b232477aa86ade,SPY,buy,market,new,1,gtc,0.0,1,stock,,,
1999-02-16 09:30:00-05:00,DCA,1f647cb3ec1c4dd695b232477aa86ade,SPY,buy,market,fill,1,gtc,0.0,1,stock,124.75,3.719938959551523,0.0
1999-03-19 09:30:00-05:00,DCA,168aec85f73e483eb463120fe460a4ac,SPY,buy,market,new,1,gtc,0.0,1,stock,,,
1999-03-19 09:30:00-05:00,DCA,168aec85f73e483eb463120fe460a4ac,SPY,buy,market,fill,1,gtc,0.0,1,stock,132.3125,3.4508671528278043,0.0
1999-04-19 10:30:00-04:00,DCA,14f84ee51bfc4250a55ee7c5ff5bb95c,SPY,buy,market,new,1,gtc,0.0,1,stock,,,
1999-04-19 10:30:00-04:00,DCA,14f84ee51bfc4250a55ee7c5ff5bb95c,SPY,buy,market,fill,1,gtc,0.0,1,stock,129.8125,3.3075610311023973,0.0
1999-05-20 10:30:00-04:00,DCA,08d68f4c39da445e87411df5f06c884e,SPY,buy,market,new,1,gtc,0.0,1,stock,,,
1999-05-20 10:30:00-04:00,DCA,08d68f4c39da445e87411df5f06c884e,SPY,buy,market,fill,1,gtc,0.0,1,stock,134.125,3.20459802818942,0.0
1999-06-21 09:30:00-04:00,DCA,c96be62381c74e4abe7135545d00341c,SPY,buy,market,new,1,gtc,0.0,1,stock,,,
1999-06-21 09:30:00-04:00,DCA,c96be62381c74e4abe7135545d00341c,SPY,buy,market,fill,1,gtc,0.0,1,stock,134.0,3.056517993490159,0.0
1999-07-22 09:30:00-04:00,DCA,d3bf6d49fe1f49479c78644e5c9ebac0,SPY,buy,market,new,1,gtc,0.0,1,stock,,,
1999-07-22 09:30:00-04:00,DCA,d3bf6d49fe1f49479c78644e5c9ebac0,SPY,buy,market,fill,1,gtc,0.0,1,stock,136.65625,2.977424678781604,0.0
1999-08-23 09:30:00-04:00,DCA,48713e980bf847a180353062a8f15376,SPY,buy,market,new,1,gtc,0.0,1,stock,,,
1999-08-23 09:30:00-04:00,DCA,48713e980bf847a180353062a8f15376,SPY,buy,market,fill,1,gtc,0.0,1,stock,136.0625,3.538565939396096,0.0
1999-09-23 09:30:00-04:00,DCA,9d1af7cc4fd0473fae9b0fd6b87f2eed,SPY,buy,market,new,1,gtc,0.0,1,stock,,,
1999-09-23 09:30:00-04:00,DCA,9d1af7cc4fd0473fae9b0fd6b87f2eed,SPY,buy,market,fill,1,gtc,0.0,1,stock,127.75,3.7729705897644963,0.0
1999-10-25 09:30:00-04:00,DCA,06ba37c56d3448b5910e9952a73c1b00,SPY,buy,market,new,1,gtc,0.0,1,stock,,,
1999-10-25 09:30:00-04:00,DCA,06ba37c56d3448b5910e9952a73c1b00,SPY,buy,market,fill,1,gtc,0.0,1,stock,130.1875,3.3658743285949897,0.0
1999-11-26 09:30:00-05:00,DCA,1a4f3be62a2f49c18475372cf172f41e,SPY,buy,market,new,1,gtc,0.0,1,stock,,,
1999-11-26 09:30:00-05:00,DCA,1a4f3be62a2f49c18475372cf172f41e,SPY,buy,market,fill,1,gtc,0.0,1,stock,142.46875,2.7736970862545736,0.0
1999-12-27 09:30:00-05:00,DCA,12cb160fa7a94eb491f84cc28382c9d6,SPY,buy,market,new,1,gtc,0.0,1,stock,,,
1999-12-27 09:30:00-05:00,DCA,12cb160fa7a94eb491f84cc28382c9d6,SPY,buy,market,fill,1,gtc,0.0,1,stock,146.5,2.7987913951045074,0.0
2000-01-27 09:30:00-05:00,DCA,6219c61a9aa14f8389b894217fb6eebe,SPY,buy,market,new,1,gtc,0.0,1,stock,,,
2000-01-27 09:30:00-05:00,DCA,6219c61a9aa14f8389b894217fb6eebe,SPY,buy,market,fill,1,gtc,0.0,1,stock,141.84375,2.5431622231289843,0.0
2000-02-28 09:30:00-05:00,DCA,fd731aa4272742fcb49223f074dd4e4c,SPY,buy,market,new,1,gtc,0.0,1,stock,,,
2000-02-28 09:30:00-05:00,DCA,fd731aa4272742fcb49223f074dd4e4c,SPY,buy,market,fill,1,gtc,0.0,1,stock,133.375,2.6772769677332096,0.0
2000-03-30 09:30:00-05:00,DCA,4bfafffb3a1f4d80bd817093764d9f65,SPY,buy,market,new,1,gtc,0.0,1,stock,,,
2000-03-30 09:30:00-05:00,DCA,4bfafffb3a1f4d80bd817093764d9f65,SPY,buy,market,fill,1,gtc,0.0,1,stock,150.15625,2.279413188802286,0.0
2000-05-01 09:30:00-04:00,DCA,2e33a13061e94d649ffc19c7a548edf0,SPY,buy,market,new,1,gtc,0.0,1,stock,,,
2000-05-01 09:30:00-04:00,DCA,2e33a13061e94d649ffc19c7a548edf0,SPY,buy,market,fill,1,gtc,0.0,1,stock,145.5,2.622230108497107,0.0
2000-06-01 09:30:00-04:00,DCA,0b4fb48d36a94f72ae5a91fd58b5a4f4,SPY,buy,market,new,1,gtc,0.0,1,stock,,,
2000-06-01 09:30:00-04:00,DCA,0b4fb48d36a94f72ae5a91fd58b5a4f4,SPY,buy,market,fill,1,gtc,0.0,1,stock,148.9375,2.557687373762148,0.0
2000-07-03 09:30:00-04:00,DCA,8286b0bad3f147369be6857b6096ef82,SPY,buy,market,new,1,gtc,0.0,1,stock,,,
2000-07-03 09:30:00-04:00,DCA,8286b0bad3f147369be6857b6096ef82,SPY,buy,market,fill,1,gtc,0.0,1,stock,145.4375,2.8765022954389647,0.0
2000-08-03 09:30:00-04:00,DCA,9faa44ee961e44418e69691fba25c23e,SPY,buy,market,new,1,gtc,0.0,1,stock,,,
2000-08-03 09:30:00-04:00,DCA,9faa44ee961e44418e69691fba25c23e,SPY,buy,market,fill,1,gtc,0.0,1,stock,146.3125,2.918700838589795,0.0
2000-09-05 09:30:00-04:00,DCA,1c8b1e8c64aa456f8b9ea3c88c38e959,SPY,buy,market,new,1,gtc,0.0,1,stock,,,
2000-09-05 09:30:00-04:00,DCA,1c8b1e8c64aa456f8b9ea3c88c38e959,SPY,buy,market,fill,1,gtc,0.0,1,stock,151.1875,2.826907241612193,0.0
2000-10-06 09:30:00-04:00,DCA,5b5ceb621ca94d649b423d9cbceca4bf,SPY,buy,market,new,1,gtc,0.0,1,stock,,,
2000-10-06 09:30:00-04:00,DCA,5b5ceb621ca94d649b423d9cbceca4bf,SPY,buy,market,fill,1,gtc,0.0,1,stock,143.875,3.3710712009996695,0.0
2000-11-06 09:30:00-05:00,DCA,f3fc3460102545e5a7ca6fd39e7405a4,SPY,buy,market,new,1,gtc,0.0,1,stock,,,
2000-11-06 09:30:00-05:00,DCA,f3fc3460102545e5a7ca6fd39e7405a4,SPY,buy,market,fill,1,gtc,0.0,1,stock,143.15625,3.091953878172055,0.0
2000-12-07 09:30:00-05:00,DCA,551fe90265404d3da008e84c03a666a7,SPY,buy,market,new,1,gtc,0.0,1,stock,,,
2000-12-07 09:30:00-05:00,DCA,551fe90265404d3da008e84c03a666a7,SPY,buy,market,fill,1,gtc,0.0,1,stock,134.875,3.459321615418637,0.0
2001-01-08 09:30:00-05:00,DCA,48444e7fa94e4439a1e4db9ab860fbac,SPY,buy,market,new,1,gtc,0.0,1,stock,,,
2001-01-08 09:30:00-05:00,DCA,48444e7fa94e4439a1e4db9ab860fbac,SPY,buy,market,fill,1,gtc,0.0,1,stock,129.875,4.127132809110971,0.0
2001-02-08 09:30:00-05:00,DCA,2c790415e1fe40f090dc6b93ef46bf15,SPY,buy,market,new,1,gtc,0.0,1,stock,,,
2001-02-08 09:30:00-05:00,DCA,2c790415e1fe40f090dc6b93ef46bf15,SPY,buy,market,fill,1,gtc,0.0,1,stock,134.8000030517578,3.7019523781047408,0.0
2001-03-12 09:30:00-05:00,DCA,bb1251cb4cc94c52a0a186e75d3bcbb7,SPY,buy,market,new,1,gtc,0.0,1,stock,,,
2001-03-12 09:30:00-05:00,DCA,bb1251cb4cc94c52a0a186e75d3bcbb7,SPY,buy,market,fill,1,gtc,0.0,1,stock,122.33999633789062,3.8857925223643863,0.0
2001-04-12 10:30:00-04:00,DCA,6deb3b4bd4334246ad321e4916a52a79,SPY,buy,market,new,1,gtc,0.0,1,stock,,,
2001-04-12 10:30:00-04:00,DCA,6deb3b4bd4334246ad321e4916a52a79,SPY,buy,market,fill,1,gtc,0.0,1,stock,116.30000305175781,5.216850342779605,0.0
2001-05-14 09:30:00-04:00,DCA,e665df57a08b4bc9b80b1076a282fe24,SPY,buy,market,new,1,gtc,0.0,1,stock,,,
2001-05-14 09:30:00-04:00,DCA,e665df57a08b4bc9b80b1076a282fe24,SPY,buy,market,fill,1,gtc,0.0,1,stock,125.55000305175781,4.8779025211570195,0.0
2001-06-14 09:30:00-04:00,DCA,c14a36395d2d4eef90955f9c7426aa30,SPY,buy,market,new,1,gtc,0.0,1,stock,,,
2001-06-14 09:30:00-04:00,DCA,c14a36395d2d4eef90955f9c7426aa30,SPY,buy,market,fill,1,gtc,0.0,1,stock,120.91000366210938,4.939827180214227,0.0
2001-07-16 09:30:00-04:00,DCA,eff9edc5aed344db93d174c0a84d063a,SPY,buy,market,new,1,gtc,0.0,1,stock,,,
2001-07-16 09:30:00-04:00,DCA,eff9edc5aed344db93d174c0a84d063a,SPY,buy,market,fill,1,gtc,0.0,1,stock,120.19999694824219,6.0634991171223325,0.0
2001-08-16 09:30:00-04:00,DCA,d374a5c766454c859b172201db47f53f,SPY,buy,market,new,1,gtc,0.0,1,stock,,,
2001-08-16 09:30:00-04:00,DCA,d374a5c766454c859b172201db47f53f,SPY,buy,market,fill,1,gtc,0.0,1,stock,117.6500015258789,5.733079172896041,0.0
2001-09-17 09:33:00-04:00,DCA,13234f0ee7ba4251bf8a2b3587f43af7,SPY,buy,market,new,1,gtc,0.0,1,stock,,,
2001-09-17 09:33:00-04:00,DCA,13234f0ee7ba4251bf8a2b3587f43af7,SPY,buy,market,fill,1,gtc,0.0,1,stock,104.33000183105469,6.761426603113405,0.0
2001-10-18 09:33:00-04:00,DCA,d0d9d3ff9de643579ca906207d7b15cb,SPY,buy,market,new,1,gtc,0.0,1,stock,,,
2001-10-18 09:33:00-04:00,DCA,d0d9d3ff9de643579ca906207d7b15cb,SPY,buy,market,fill,1,gtc,0.0,1,stock,107.0,6.792437576912095,0.0
2001-11-19 09:30:00-05:00,DCA,29900ad55c65418ea22ec7b06633ad06,SPY,buy,market,new,1,gtc,0.0,1,stock,,,
2001-11-19 09:30:00-05:00,DCA,29900ad55c65418ea22ec7b06633ad06,SPY,buy,market,fill,1,gtc,0.0,1,stock,114.91999816894531,6.883641173594916,0.0
2001-12-20 09:30:00-05:00,DCA,8515282c561b4fc8a0cc2a8f549c0bff,SPY,buy,market,new,1,gtc,0.0,1,stock,,,
2001-12-20 09:30:00-05:00,DCA,8515282c561b4fc8a0cc2a8f549c0bff,SPY,buy,market,fill,1,gtc,0.0,1,stock,115.5,6.87724106965914,0.0
2002-01-22 09:30:00-05:00,DCA,bf0ebf825d714f63ad5b090159676894,SPY,buy,market,new,1,gtc,0.0,1,stock,,,
2002-01-22 09:30:00-05:00,DCA,bf0ebf825d714f63ad5b090159676894,SPY,buy,market,fill,1,gtc,0.0,1,stock,113.75,6.3604067521319925,0.0
2002-02-22 09:30:00-05:00,DCA,d8b530fbcc9b4bd6a803ffc7b5d61da7,SPY,buy,market,new,1,gtc,0.0,1,stock,,,
2002-02-22 09:30:00-05:00,DCA,d8b530fbcc9b4bd6a803ffc7b5d61da7,SPY,buy,market,fill,1,gtc,0.0,1,stock,108.3499984741211,7.155302250243403,0.0
2002-03-25 09:30:00-05:00,DCA,d1ad161ae33546f08a4612d2edcde46b,SPY,buy,market,new,1,gtc,0.0,1,stock,,,
2002-03-25 09:30:00-05:00,DCA,d1ad161ae33546f08a4612d2edcde46b,SPY,buy,market,fill,1,gtc,0.0,1,stock,115.08999633789062,7.0057281338695425,0.0
2002-04-25 10:30:00-04:00,DCA,00cf67a04d4f4d1ea842d3b63de39ae3,SPY,buy,market,new,1,gtc,0.0,1,stock,,,
2002-04-25 10:30:00-04:00,DCA,00cf67a04d4f4d1ea842d3b63de39ae3,SPY,buy,market,fill,1,gtc,0.0,1,stock,109.79000091552734,5.707513138639526,0.0
2002-05-28 09:30:00-04:00,DCA,00db713984b14f5791d5ced74074cad0,SPY,buy,market,new,1,gtc,0.0,1,stock,,,
2002-05-28 09:30:00-04:00,DCA,00db713984b14f5791d5ced74074cad0,SPY,buy,market,fill,1,gtc,0.0,1,stock,107.62000274658203,5.6656970143019825,0.0
2002-06-28 09:30:00-04:00,DCA,10388cf2445e4b68863c142d4492a017,SPY,buy,market,new,1,gtc,0.0,1,stock,,,
2002-06-28 09:30:00-04:00,DCA,10388cf2445e4b68863c142d4492a017,SPY,buy,market,fill,1,gtc,0.0,1,stock,99.23999786376953,6.127921704316871,0.0
2002-07-29 09:30:00-04:00,DCA,0dca3c2abf95410ba06097bfedd42967,SPY,buy,market,new,1,gtc,0.0,1,stock,,,
2002-07-29 09:30:00-04:00,DCA,0dca3c2abf95410ba06097bfedd42967,SPY,buy,market,fill,1,gtc,0.0,1,stock,89.31999969482422,5.730453504920731,0.0
2002-08-29 09:30:00-04:00,DCA,87a39b117efd49618831287206095be5,SPY,buy,market,new,1,gtc,0.0,1,stock,,,
2002-08-29 09:30:00-04:00,DCA,87a39b117efd49618831287206095be5,SPY,buy,market,fill,1,gtc,0.0,1,stock,91.68000030517578,5.337367968138889,0.0
2002-09-30 09:30:00-04:00,DCA,54d9d5f29bdf469581050c906cddc9ec,SPY,buy,market,new,1,gtc,0.0,1,stock,,,
2002-09-30 09:30:00-04:00,DCA,54d9d5f29bdf469581050c906cddc9ec,SPY,buy,market,fill,1,gtc,0.0,1,stock,82.43000030517578,6.236557293829311,0.0
2002-10-31 09:30:00-05:00,DCA,536bca0253294164877f881ef5d2ae13,SPY,buy,market,new,1,gtc,0.0,1,stock,,,
2002-10-31 09:30:00-05:00,DCA,536bca0253294164877f881ef5d2ae13,SPY,buy,market,fill,1,gtc,0.0,1,stock,89.66000366210938,5.7563449272915514,0.0
2002-12-02 09:30:00-05:00,DCA,83d690e049c94f32a2cabad6c6f8c265,SPY,buy,market,new,1,gtc,0.0,1,stock,,,
2002-12-02 09:30:00-05:00,DCA,83d690e049c94f32a2cabad6c6f8c265,SPY,buy,market,fill,1,gtc,0.0,1,stock,95.47000122070312,4.918215733386166,0.0
2003-01-02 09:30:00-05:00,DCA,8e95128659984fc28bd0421ed9fbf0d3,SPY,buy,market,new,1,gtc,0.0,1,stock,,,
2003-01-02 09:30:00-05:00,DCA,8e95128659984fc28bd0421ed9fbf0d3,SPY,buy,market,fill,1,gtc,0.0,1,stock,88.8499984741211,5.230889252335219,0.0
2003-02-03 09:30:00-05:00,DCA,ff65507c8210413c97952e470c2f1a4e,SPY,buy,market,new,1,gtc,0.0,1,stock,,,
2003-02-03 09:30:00-05:00,DCA,ff65507c8210413c97952e470c2f1a4e,SPY,buy,market,fill,1,gtc,0.0,1,stock,86.13999938964844,5.432390835316517,0.0
2003-03-06 09:30:00-05:00,DCA,938a441b797f41eda3e39dcb5df63d6f,SPY,buy,market,new,1,gtc,0.0,1,stock,,,
2003-03-06 09:30:00-05:00,DCA,938a441b797f41eda3e39dcb5df63d6f,SPY,buy,market,fill,1,gtc,0.0,1,stock,82.87000274658203,5.234464850356841,0.0
2003-04-07 09:30:00-04:00,DCA,c84560ff8c7f4cc89a14cc6dec4a489f,SPY,buy,market,new,1,gtc,0.0,1,stock,,,
2003-04-07 09:30:00-04:00,DCA,c84560ff8c7f4cc89a14cc6dec4a489f,SPY,buy,market,fill,1,gtc,0.0,1,stock,88.30000305175781,5.1881347576154075,0.0
2003-05-08 09:30:00-04:00,DCA,c401a28415e24305a856e0d2334fe029,SPY,buy,market,new,1,gtc,0.0,1,stock,,,
2003-05-08 09:30:00-04:00,DCA,c401a28415e24305a856e0d2334fe029,SPY,buy,market,fill,1,gtc,0.0,1,stock,92.83000183105469,5.045694709257195,0.0
2003-06-09 09:30:00-04:00,DCA,0e67a35af1ac40669b267a45af6a1860,SPY,buy,market,new,1,gtc,0.0,1,stock,,,
2003-06-09 09:30:00-04:00,DCA,0e67a35af1ac40669b267a45af6a1860,SPY,buy,market,fill,1,gtc,0.0,1,stock,98.45999908447266,4.815001172547052,0.0
2003-07-10 09:30:00-04:00,DCA,2653b3c293f14a37a5150606091f6e20,SPY,buy,market,new,1,gtc,0.0,1,stock,,,
2003-07-10 09:30:00-04:00,DCA,2653b3c293f14a37a5150606091f6e20,SPY,buy,market,fill,1,gtc,0.0,1,stock,99.38999938964844,4.902134686881559,0.0
2003-08-11 09:30:00-04:00,DCA,befff759f53f42a69c4c2f846eb2168b,SPY,buy,market,new,1,gtc,0.0,1,stock,,,
2003-08-11 09:30:00-04:00,DCA,befff759f53f42a69c4c2f846eb2168b,SPY,buy,market,fill,1,gtc,0.0,1,stock,98.70999908447266,5.077510335157146,0.0
2003-09-11 09:30:00-04:00,DCA,fdb154c032b8426d96d97b2c2e6f0ab8,SPY,buy,market,new,1,gtc,0.0,1,stock,,,
2003-09-11 09:30:00-04:00,DCA,fdb154c032b8426d96d97b2c2e6f0ab8,SPY,buy,market,fill,1,gtc,0.0,1,stock,101.91000366210938,5.043799129714124,0.0
2003-10-13 09:30:00-04:00,DCA,469333ce1f2949e197fdf878b79bccb7,SPY,buy,market,new,1,gtc,0.0,1,stock,,,
2003-10-13 09:30:00-04:00,DCA,469333ce1f2949e197fdf878b79bccb7,SPY,buy,market,fill,1,gtc,0.0,1,stock,104.80000305175781,3.8487514701434553,0.0
2003-11-13 09:30:00-05:00,DCA,ee62de690d7f4fb39510f4826a52bc63,SPY,buy,market,new,1,gtc,0.0,1,stock,,,
2003-11-13 09:30:00-05:00,DCA,ee62de690d7f4fb39510f4826a52bc63,SPY,buy,market,fill,1,gtc,0.0,1,stock,106.01000213623047,3.6273204138275554,0.0
2003-12-15 09:30:00-05:00,DCA,1b8abf48a2524abe9740332dfc09ebe4,SPY,buy,market,new,1,gtc,0.0,1,stock,,,
2003-12-15 09:30:00-05:00,DCA,1b8abf48a2524abe9740332dfc09ebe4,SPY,buy,market,fill,1,gtc,0.0,1,stock,109.16999816894531,3.486884195054404,0.0
2004-01-15 09:30:00-05:00,DCA,37d2fadb02534b88add2b22d7e4cce1c,SPY,buy,market,new,1,gtc,0.0,1,stock,,,
2004-01-15 09:30:00-05:00,DCA,37d2fadb02534b88add2b22d7e4cce1c,SPY,buy,market,fill,1,gtc,0.0,1,stock,113.56999969482422,2.9739518638436993,0.0
2004-02-17 09:30:00-05:00,DCA,0cfba48933d643ab9ecc67e578deaaf3,SPY,buy,market,new,1,gtc,0.0,1,stock,,,
2004-02-17 09:30:00-05:00,DCA,0cfba48933d643ab9ecc67e578deaaf3,SPY,buy,market,fill,1,gtc,0.0,1,stock,115.8499984741211,2.9920191806093666,0.0
2004-03-19 09:30:00-05:00,DCA,4bdbca3ad9f549798d55bdf948c587ad,SPY,buy,market,new,1,gtc,0.0,1,stock,,,
2004-03-19 09:30:00-05:00,DCA,4bdbca3ad9f549798d55bdf948c587ad,SPY,buy,market,fill,1,gtc,0.0,1,stock,112.41000366210938,2.7814717373180864,0.0
2004-04-19 10:30:00-04:00,DCA,308b53d61643402d9e650b2fded8f9af,SPY,buy,market,new,1,gtc,0.0,1,stock,,,
2004-04-19 10:30:00-04:00,DCA,308b53d61643402d9e650b2fded8f9af,SPY,buy,market,fill,1,gtc,0.0,1,stock,114.08000183105469,3.1125594437156114,0.0
2004-05-20 10:30:00-04:00,DCA,a8b4b87443ae423b999e1a0190f8e608,SPY,buy,market,new,1,gtc,0.0,1,stock,,,
2004-05-20 10:30:00-04:00,DCA,a8b4b87443ae423b999e1a0190f8e608,SPY,buy,market,fill,1,gtc,0.0,1,stock,109.97000122070312,3.191336898226564,0.0
2004-06-21 09:30:00-04:00,DCA,c51a1621819345c48ecb5d2b7cd5695b,SPY,buy,market,new,1,gtc,0.0,1,stock,,,
2004-06-21 09:30:00-04:00,DCA,c51a1621819345c48ecb5d2b7cd5695b,SPY,buy,market,fill,1,gtc,0.0,1,stock,113.12999725341797,3.0975075335803766,0.0
2004-07-22 09:30:00-04:00,DCA,8047b297f1544c9f9bdfe28a8f2beb10,SPY,buy,market,new,1,gtc,0.0,1,stock,,,
2004-07-22 09:30:00-04:00,DCA,8047b297f1544c9f9bdfe28a8f2beb10,SPY,buy,market,fill,1,gtc,0.0,1,stock,109.62000274658203,2.998635452502258,0.0
2004-08-23 09:30:00-04:00,DCA,ed96972e121a4ca8a5eca4e640f7b946,SPY,buy,market,new,1,gtc,0.0,1,stock,,,
2004-08-23 09:30:00-04:00,DCA,ed96972e121a4ca8a5eca4e640f7b946,SPY,buy,market,fill,1,gtc,0.0,1,stock,110.63999938964844,2.9369097942944706,0.0
2004-09-23 09:30:00-04:00,DCA,0c6f64eccb5e40099bdd65e4f3395b9b,SPY,buy,market,new,1,gtc,0.0,1,stock,,,
2004-09-23 09:30:00-04:00,DCA,0c6f64eccb5e40099bdd65e4f3395b9b,SPY,buy,market,fill,1,gtc,0.0,1,stock,111.16999816894531,3.1728948123209806,0.0
2004-10-25 09:30:00-04:00,DCA,aedd930e17264490b2e60e990383dc0f,SPY,buy,market,new,1,gtc,0.0,1,stock,,,
2004-10-25 09:30:00-04:00,DCA,aedd930e17264490b2e60e990383dc0f,SPY,buy,market,fill,1,gtc,0.0,1,stock,110.12999725341797,3.8170736345356864,0.0
2004-11-26 09:30:00-05:00,DCA,94bc1fd311be4d939e5a872791dabd6b,SPY,buy,market,new,1,gtc,0.0,1,stock,,,
2004-11-26 09:30:00-05:00,DCA,94bc1fd311be4d939e5a872791dabd6b,SPY,buy,market,fill,1,gtc,0.0,1,stock,118.51000213623047,3.6029691888411226,0.0
2004-12-27 09:30:00-05:00,DCA,fb39cbf1c55b4a2bb3ba075ea993b139,SPY,buy,market,new,1,gtc,0.0,1,stock,,,
2004-12-27 09:30:00-05:00,DCA,fb39cbf1c55b4a2bb3ba075ea993b139,SPY,buy,market,fill,1,gtc,0.0,1,stock,121.19999694824219,3.325562132511248,0.0
2005-01-27 09:30:00-05:00,DCA,e3db2929769d458bbbbce39a47a369ae,SPY,buy,market,new,1,gtc,0.0,1,stock,,,
2005-01-27 09:30:00-05:00,DCA,e3db2929769d458bbbbce39a47a369ae,SPY,buy,market,fill,1,gtc,0.0,1,stock,117.19000244140625,3.585581431911552,0.0
2005-02-28 09:30:00-05:00,DCA,a79b694723d941f09f9bed101fe7d8f6,SPY,buy,market,new,1,gtc,0.0,1,stock,,,
2005-02-28 09:30:00-05:00,DCA,a79b694723d941f09f9bed101fe7d8f6,SPY,buy,market,fill,1,gtc,0.0,1,stock,121.1500015258789,3.4692844950110344,0.0
2005-03-31 09:30:00-05:00,DCA,fb843efc85fe4334be22aa1f9c501227,SPY,buy,market,new,1,gtc,0.0,1,stock,,,
2005-03-31 09:30:00-05:00,DCA,fb843efc85fe4334be22aa1f9c501227,SPY,buy,market,fill,1,gtc,0.0,1,stock,118.19000244140625,3.646886429545906,0.0
2005-05-02 09:30:00-04:00,DCA,d44d78a4b49c4f60bba2515bfbe18b5c,SPY,buy,market,new,1,gtc,0.0,1,stock,,,
2005-05-02 09:30:00-04:00,DCA,d44d78a4b49c4f60bba2515bfbe18b5c,SPY,buy,market,fill,1,gtc,0.0,1,stock,116.06999969482422,3.878232303766197,0.0
2005-06-02 09:30:00-04:00,DCA,9dfdc55673d24d0a9bd9ea4964d936c7,SPY,buy,market,new,1,gtc,0.0,1,stock,,,
2005-06-02 09:30:00-04:00,DCA,9dfdc55673d24d0a9bd9ea4964d936c7,SPY,buy,market,fill,1,gtc,0.0,1,stock,120.55000305175781,3.7149462644074887,0.0
2005-07-05 09:30:00-04:00,DCA,fb8f7b29031e467f8887d3b56ceb88fb,SPY,buy,market,new,1,gtc,0.0,1,stock,,,
2005-07-05 09:30:00-04:00,DCA,fb8f7b29031e467f8887d3b56ceb88fb,SPY,buy,market,fill,1,gtc,0.0,1,stock,120.38999938964844,3.9865521271572995,0.0
2005-08-05 09:30:00-04:00,DCA,f8a319a845d44a0fb48390e8389d8f81,SPY,buy,market,new,1,gtc,0.0,1,stock,,,
2005-08-05 09:30:00-04:00,DCA,f8a319a845d44a0fb48390e8389d8f81,SPY,buy,market,fill,1,gtc,0.0,1,stock,123.44999694824219,3.7725794649179147,0.0
2005-09-06 09:30:00-04:00,DCA,b7cde67a0eae4d5c8ad0049572fdd365,SPY,buy,market,new,1,gtc,0.0,1,stock,,,
2005-09-06 09:30:00-04:00,DCA,b7cde67a0eae4d5c8ad0049572fdd365,SPY,buy,market,fill,1,gtc,0.0,1,stock,123.62999725341797,3.7014284557529655,0.0
2005-10-07 09:30:00-04:00,DCA,b9b2585479f6491ebc98e556da297960,SPY,buy,market,new,1,gtc,0.0,1,stock,,,
2005-10-07 09:30:00-04:00,DCA,b9b2585479f6491ebc98e556da297960,SPY,buy,market,fill,1,gtc,0.0,1,stock,119.69999694824219,3.714454651981973,0.0
2005-11-07 09:30:00-05:00,DCA,d5545c9b2c77478d86aafe33af4ad835,SPY,buy,market,new,1,gtc,0.0,1,stock,,,
2005-11-07 09:30:00-05:00,DCA,d5545c9b2c77478d86aafe33af4ad835,SPY,buy,market,fill,1,gtc,0.0,1,stock,122.37000274658203,3.6127361023709885,0.0
2005-12-08 09:30:00-05:00,DCA,dda52c4c2f61437e9d81382f3fdb56f0,SPY,buy,market,new,1,gtc,0.0,1,stock,,,
2005-12-08 09:30:00-05:00,DCA,dda52c4c2f61437e9d81382f3fdb56f0,SPY,buy,market,fill,1,gtc,0.0,1,stock,126.22000122070312,3.3547989905626907,0.0
2006-01-09 09:30:00-05:00,DCA,e67e0d609c884140af493ecfb36d63af,SPY,buy,market,new,1,gtc,0.0,1,stock,,,
2006-01-09 09:30:00-05:00,DCA,e67e0d609c884140af493ecfb36d63af,SPY,buy,market,fill,1,gtc,0.0,1,stock,128.4199981689453,3.2881466208867938,0.0
2006-02-09 09:30:00-05:00,DCA,30a641652f994f69a3da09993bdbfc53,SPY,buy,market,new,1,gtc,0.0,1,stock,,,
2006-02-09 09:30:00-05:00,DCA,30a641652f994f69a3da09993bdbfc53,SPY,buy,market,fill,1,gtc,0.0,1,stock,126.91999816894531,3.3270744765463687,0.0
2006-03-13 09:30:00-05:00,DCA,127c21e5f216414eb4f24ed7ff0f839f,SPY,buy,market,new,1,gtc,0.0,1,stock,,,
2006-03-13 09:30:00-05:00,DCA,127c21e5f216414eb4f24ed7ff0f839f,SPY,buy,market,fill,1,gtc,0.0,1,stock,128.83999633789062,3.3163047537461683,0.0
2006-04-13 10:30:00-04:00,DCA,77b2bb41915f4666a374585976ba275a,SPY,buy,market,new,1,gtc,0.0,1,stock,,,
2006-04-13 10:30:00-04:00,DCA,77b2bb41915f4666a374585976ba275a,SPY,buy,market,fill,1,gtc,0.0,1,stock,128.58999633789062,3.527330755238459,0.0
2006-05-15 09:30:00-04:00,DCA,6eac93df49da413ea1bd9c422fdec209,SPY,buy,market,new,1,gtc,0.0,1,stock,,,
2006-05-15 09:30:00-04:00,DCA,6eac93df49da413ea1bd9c422fdec209,SPY,buy,market,fill,1,gtc,0.0,1,stock,129.75999450683594,3.433777680955198,0.0
2006-06-15 09:30:00-04:00,DCA,7f64e67ae4b24cffb7592a263f6179e7,SPY,buy,market,new,1,gtc,0.0,1,stock,,,
2006-06-15 09:30:00-04:00,DCA,7f64e67ae4b24cffb7592a263f6179e7,SPY,buy,market,fill,1,gtc,0.0,1,stock,125.29000091552734,3.6200961798876405,0.0
2006-07-17 09:30:00-04:00,DCA,74feebfa5c8f4305988d40fc738764af,SPY,buy,market,new,1,gtc,0.0,1,stock,,,
2006-07-17 09:30:00-04:00,DCA,74feebfa5c8f4305988d40fc738764af,SPY,buy,market,fill,1,gtc,0.0,1,stock,123.70999908447266,3.6718638613299404,0.0
2006-08-17 09:30:00-04:00,DCA,67a0ba7e8ce24757a605967af7b57c83,SPY,buy,market,new,1,gtc,0.0,1,stock,,,
2006-08-17 09:30:00-04:00,DCA,67a0ba7e8ce24757a605967af7b57c83,SPY,buy,market,fill,1,gtc,0.0,1,stock,130.19000244140625,3.452075489146365,0.0
2006-09-18 09:30:00-04:00,DCA,38080acfc87c4385af2818754c045583,SPY,buy,market,new,1,gtc,0.0,1,stock,,,
2006-09-18 09:30:00-04:00,DCA,38080acfc87c4385af2818754c045583,SPY,buy,market,fill,1,gtc,0.0,1,stock,132.1199951171875,3.335450367732759,0.0
2006-10-19 09:30:00-04:00,DCA,54db8b4edf284af99398d1b648fd3252,SPY,buy,market,new,1,gtc,0.0,1,stock,,,
2006-10-19 09:30:00-04:00,DCA,54db8b4edf284af99398d1b648fd3252,SPY,buy,market,fill,1,gtc,0.0,1,stock,136.83999633789062,3.213818225095916,0.0
2006-11-20 09:30:00-05:00,DCA,5b2bd6bc6e4a495d933ebf05c5e0d9c5,SPY,buy,market,new,1,gtc,0.0,1,stock,,,
2006-11-20 09:30:00-05:00,DCA,5b2bd6bc6e4a495d933ebf05c5e0d9c5,SPY,buy,market,fill,1,gtc,0.0,1,stock,140.3000030517578,3.132223603785655,0.0
2006-12-21 09:30:00-05:00,DCA,d13bd05c02e44c2d8e1a3f1526252d91,SPY,buy,market,new,1,gtc,0.0,1,stock,,,
2006-12-21 09:30:00-05:00,DCA,d13bd05c02e44c2d8e1a3f1526252d91,SPY,buy,market,fill,1,gtc,0.0,1,stock,142.27000427246094,3.1291072281242385,0.0
2007-01-22 09:30:00-05:00,DCA,d9b5cb62c66b4490a597057e00ec37c9,SPY,buy,market,new,1,gtc,0.0,1,stock,,,
2007-01-22 09:30:00-05:00,DCA,d9b5cb62c66b4490a597057e00ec37c9,SPY,buy,market,fill,1,gtc,0.0,1,stock,143.07000732421875,3.1224864039399645,0.0
2007-02-22 09:30:00-05:00,DCA,e5dfec95e98647a4a35e9ff966544197,SPY,buy,market,new,1,gtc,0.0,1,stock,,,
2007-02-22 09:30:00-05:00,DCA,e5dfec95e98647a4a35e9ff966544197,SPY,buy,market,fill,1,gtc,0.0,1,stock,146.0500030517578,2.9878266213815925,0.0
2007-03-26 09:30:00-04:00,DCA,2699802e12e149009c4c84597518b1e1,SPY,buy,market,new,1,gtc,0.0,1,stock,,,
2007-03-26 09:30:00-04:00,DCA,2699802e12e149009c4c84597518b1e1,SPY,buy,market,fill,1,gtc,0.0,1,stock,143.1199951171875,2.950576873982737,0.0
2007-04-26 09:30:00-04:00,DCA,02750185258e4f829839bae3e7e5e17c,SPY,buy,market,new,1,gtc,0.0,1,stock,,,
2007-04-26 09:30:00-04:00,DCA,02750185258e4f829839bae3e7e5e17c,SPY,buy,market,fill,1,gtc,0.0,1,stock,149.08999633789062,2.9260231420602283,0.0
2007-05-29 09:30:00-04:00,DCA,8e822819c0c14c1ab1d21232a2e0b2fb,SPY,buy,market,new,1,gtc,0.0,1,stock,,,
2007-05-29 09:30:00-04:00,DCA,8e822819c0c14c1ab1d21232a2e0b2fb,SPY,buy,market,fill,1,gtc,0.0,1,stock,151.4600067138672,3.047812472759464,0.0
2007-06-29 09:30:00-04:00,DCA,9c8d7c02b57a4d1a98d822c4422187dd,SPY,buy,market,new,1,gtc,0.0,1,stock,,,
2007-06-29 09:30:00-04:00,DCA,9c8d7c02b57a4d1a98d822c4422187dd,SPY,buy,market,fill,1,gtc,0.0,1,stock,150.89999389648438,3.0393478597239048,0.0
2007-07-30 09:30:00-04:00,DCA,abb60779e16a4172b277f3c7c170a07c,SPY,buy,market,new,1,gtc,0.0,1,stock,,,
2007-07-30 09:30:00-04:00,DCA,abb60779e16a4172b277f3c7c170a07c,SPY,buy,market,fill,1,gtc,0.0,1,stock,148.3300018310547,3.3527588216555544,0.0
2007-08-30 09:30:00-04:00,DCA,201ba2f883d24b2bbde7a5e0ac240a1c,SPY,buy,market,new,1,gtc,0.0,1,stock,,,
2007-08-30 09:30:00-04:00,DCA,201ba2f883d24b2bbde7a5e0ac240a1c,SPY,buy,market,fill,1,gtc,0.0,1,stock,147.64999389648438,3.3815656858448326,0.0
2007-10-01 09:30:00-04:00,DCA,b96fa9591f6c4c308c64e47ee9b4703c,SPY,buy,market,new,1,gtc,0.0,1,stock,,,
2007-10-01 09:30:00-04:00,DCA,b96fa9591f6c4c308c64e47ee9b4703c,SPY,buy,market,fill,1,gtc,0.0,1,stock,154.61000061035156,3.6336519888130914,0.0
2007-11-01 09:30:00-04:00,DCA,bbce403a4a3c48e5bb878adf2b912637,SPY,buy,market,new,1,gtc,0.0,1,stock,,,
2007-11-01 09:30:00-04:00,DCA,bbce403a4a3c48e5bb878adf2b912637,SPY,buy,market,fill,1,gtc,0.0,1,stock,151.52999877929688,3.5005133953136895,0.0
2007-12-03 09:30:00-05:00,DCA,f630ea0abe7b4408b6fb20fb9fa7a4b5,SPY,buy,market,new,1,gtc,0.0,1,stock,,,
2007-12-03 09:30:00-05:00,DCA,f630ea0abe7b4408b6fb20fb9fa7a4b5,SPY,buy,market,fill,1,gtc,0.0,1,stock,148.19000244140625,3.5450142830378413,0.0
2008-01-03 09:30:00-05:00,DCA,682cc3f63f70416a9fdea8c2e495f005,SPY,buy,market,new,1,gtc,0.0,1,stock,,,
2008-01-03 09:30:00-05:00,DCA,682cc3f63f70416a9fdea8c2e495f005,SPY,buy,market,fill,1,gtc,0.0,1,stock,144.91000366210938,3.8056296681238932,0.0
2008-02-04 09:30:00-05:00,DCA,ba9a8218e5f5455faab7f7820314738f,SPY,buy,market,new,1,gtc,0.0,1,stock,,,
2008-02-04 09:30:00-05:00,DCA,ba9a8218e5f5455faab7f7820314738f,SPY,buy,market,fill,1,gtc,0.0,1,stock,139.2100067138672,4.092630807588616,0.0
2008-03-06 09:30:00-05:00,DCA,76512fa082c9413097bb791a77eda122,SPY,buy,market,new,1,gtc,0.0,1,stock,,,
2008-03-06 09:30:00-05:00,DCA,76512fa082c9413097bb791a77eda122,SPY,buy,market,fill,1,gtc,0.0,1,stock,132.97999572753906,4.369699290598609,0.0
2008-04-07 09:30:00-04:00,DCA,c27b237372d24bae89a11a190488642c,SPY,buy,market,new,1,gtc,0.0,1,stock,,,
2008-04-07 09:30:00-04:00,DCA,c27b237372d24bae89a11a190488642c,SPY,buy,market,fill,1,gtc,0.0,1,stock,136.19000244140625,4.899251779880901,0.0
2008-05-08 09:30:00-04:00,DCA,8e371291b96c4eb88989319b9080038c,SPY,buy,market,new,1,gtc,0.0,1,stock,,,
2008-05-08 09:30:00-04:00,DCA,8e371291b96c4eb88989319b9080038c,SPY,buy,market,fill,1,gtc,0.0,1,stock,138.60000610351562,4.7138693951604305,0.0
2008-06-09 09:30:00-04:00,DCA,e9b12ee3467f45a6b716e91ff44749b9,SPY,buy,market,new,1,gtc,0.0,1,stock,,,
2008-06-09 09:30:00-04:00,DCA,e9b12ee3467f45a6b716e91ff44749b9,SPY,buy,market,fill,1,gtc,0.0,1,stock,135.6699981689453,4.692652433720956,0.0
2008-07-10 09:30:00-04:00,DCA,a746411749a04e4ea833a4911c5f829a,SPY,buy,market,new,1,gtc,0.0,1,stock,,,
2008-07-10 09:30:00-04:00,DCA,a746411749a04e4ea833a4911c5f829a,SPY,buy,market,fill,1,gtc,0.0,1,stock,123.97000122070312,5.551269315635115,0.0
2008-08-11 09:30:00-04:00,DCA,7b92a20391344fc2ab0d71d3131045e0,SPY,buy,market,new,1,gtc,0.0,1,stock,,,
2008-08-11 09:30:00-04:00,DCA,7b92a20391344fc2ab0d71d3131045e0,SPY,buy,market,fill,1,gtc,0.0,1,stock,130.27999877929688,5.081796760812261,0.0
2008-09-11 09:30:00-04:00,DCA,e3cc5a4949894131913c68befcdfae23,SPY,buy,market,new,1,gtc,0.0,1,stock,,,
2008-09-11 09:30:00-04:00,DCA,e3cc5a4949894131913c68befcdfae23,SPY,buy,market,fill,1,gtc,0.0,1,stock,124.29000091552734,5.0915210936382,0.0
2008-10-13 09:30:00-04:00,DCA,5e8970b139934ca5be9cf992efa34d64,SPY,buy,market,new,1,gtc,0.0,1,stock,,,
2008-10-13 09:30:00-04:00,DCA,5e8970b139934ca5be9cf992efa34d64,SPY,buy,market,fill,1,gtc,0.0,1,stock,104.69999694824219,10.756194426053854,0.0
2008-11-13 09:30:00-05:00,DCA,8777b8cd4a0544c6b302c4de2bdf6de1,SPY,buy,market,new,1,gtc,0.0,1,stock,,,
2008-11-13 09:30:00-05:00,DCA,8777b8cd4a0544c6b302c4de2bdf6de1,SPY,buy,market,fill,1,gtc,0.0,1,stock,86.12999725341797,13.166967980560102,0.0
2008-12-15 09:30:00-05:00,DCA,ecd854afd2b1467391ef4ed2447e0004,SPY,buy,market,new,1,gtc,0.0,1,stock,,,
2008-12-15 09:30:00-05:00,DCA,ecd854afd2b1467391ef4ed2447e0004,SPY,buy,market,fill,1,gtc,0.0,1,stock,89.0199966430664,12.87724375592766,0.0
2009-01-15 09:30:00-05:00,DCA,76f807d6f07d4b91b01c972f266d50ed,SPY,buy,market,new,1,gtc,0.0,1,stock,,,
2009-01-15 09:30:00-05:00,DCA,76f807d6f07d4b91b01c972f266d50ed,SPY,buy,market,fill,1,gtc,0.0,1,stock,84.12000274658203,22.722311587496105,0.0
2009-02-17 09:30:00-05:00,DCA,bdc7f8b6f5cb44dc8a71c105042aeb47,SPY,buy,market,new,1,gtc,0.0,1,stock,,,
2009-02-17 09:30:00-05:00,DCA,bdc7f8b6f5cb44dc8a71c105042aeb47,SPY,buy,market,fill,1,gtc,0.0,1,stock,80.16000366210938,22.412999879582394,0.0
2009-03-20 10:30:00-04:00,DCA,2fc1686b003943588b6d620bb1345ff4,SPY,buy,market,new,1,gtc,0.0,1,stock,,,
2009-03-20 10:30:00-04:00,DCA,2fc1686b003943588b6d620bb1345ff4,SPY,buy,market,fill,1,gtc,0.0,1,stock,78.76000213623047,24.65486754934265,0.0
2009-04-20 10:30:00-04:00,DCA,00bb047c712d4f4cada94836e564c2c1,SPY,buy,market,new,1,gtc,0.0,1,stock,,,
2009-04-20 10:30:00-04:00,DCA,00bb047c712d4f4cada94836e564c2c1,SPY,buy,market,fill,1,gtc,0.0,1,stock,82.81999969482422,19.616716755586044,0.0
2009-05-21 10:30:00-04:00,DCA,2c88b079e8c046d498c7ed155867cef9,SPY,buy,market,new,1,gtc,0.0,1,stock,,,
2009-05-21 10:30:00-04:00,DCA,2c88b079e8c046d498c7ed155867cef9,SPY,buy,market,fill,1,gtc,0.0,1,stock,89.45999908447266,18.616394091848356,0.0
2009-06-22 09:30:00-04:00,DCA,73aa39ae49cb447ca2ab5134558e500d,SPY,buy,market,new,1,gtc,0.0,1,stock,,,
2009-06-22 09:30:00-04:00,DCA,73aa39ae49cb447ca2ab5134558e500d,SPY,buy,market,fill,1,gtc,0.0,1,stock,89.47000122070312,19.920786392540595,0.0
2009-07-23 09:30:00-04:00,DCA,147252a992934670a50b692467952589,SPY,buy,market,new,1,gtc,0.0,1,stock,,,
2009-07-23 09:30:00-04:00,DCA,147252a992934670a50b692467952589,SPY,buy,market,fill,1,gtc,0.0,1,stock,97.19999694824219,11.755936682141572,0.0
2009-08-24 09:30:00-04:00,DCA,200268b594334a7ebde7c5c95eac1868,SPY,buy,market,new,1,gtc,0.0,1,stock,,,
2009-08-24 09:30:00-04:00,DCA,200268b594334a7ebde7c5c95eac1868,SPY,buy,market,fill,1,gtc,0.0,1,stock,103.37000274658203,10.9594802159848,0.0
2009-09-24 09:30:00-04:00,DCA,056fec0221d94de09aa22034c5707473,SPY,buy,market,new,1,gtc,0.0,1,stock,,,
2009-09-24 09:30:00-04:00,DCA,056fec0221d94de09aa22034c5707473,SPY,buy,market,fill,1,gtc,0.0,1,stock,104.77999877929688,12.091312784941994,0.0
2009-10-26 09:30:00-04:00,DCA,8995b8f8d86045daac32bc765667ac07,SPY,buy,market,new,1,gtc,0.0,1,stock,,,
2009-10-26 09:30:00-04:00,DCA,8995b8f8d86045daac32bc765667ac07,SPY,buy,market,fill,1,gtc,0.0,1,stock,107.02999877929688,3.4496670070839794,0.0
2009-11-27 09:30:00-05:00,DCA,7c94e30de950422c86fa064f7718189c,SPY,buy,market,new,1,gtc,0.0,1,stock,,,
2009-11-27 09:30:00-05:00,DCA,7c94e30de950422c86fa064f7718189c,SPY,buy,market,fill,1,gtc,0.0,1,stock,108.4000015258789,3.368423845428298,0.0
2009-12-28 09:30:00-05:00,DCA,23962b56a0514399bff8508945f3879f,SPY,buy,market,new,1,gtc,0.0,1,stock,,,
2009-12-28 09:30:00-05:00,DCA,23962b56a0514399bff8508945f3879f,SPY,buy,market,fill,1,gtc,0.0,1,stock,112.9000015258789,3.005050727859792,0.0
2010-01-28 09:30:00-05:00,DCA,fdc57a47cb6e49b9806e2f9d39010cfa,SPY,buy,market,new,1,gtc,0.0,1,stock,,,
2010-01-28 09:30:00-05:00,DCA,fdc57a47cb6e49b9806e2f9d39010cfa,SPY,buy,market,fill,1,gtc,0.0,1,stock,110.19000244140625,2.5995591351433776,0.0
2010-03-01 09:30:00-05:00,DCA,74035044438c4616b3656718242e7233,SPY,buy,market,new,1,gtc,0.0,1,stock,,,
2010-03-01 09:30:00-05:00,DCA,74035044438c4616b3656718242e7233,SPY,buy,market,fill,1,gtc,0.0,1,stock,111.19999694824219,2.368920851358766,0.0
2010-04-01 10:30:00-04:00,DCA,ae961a00630444308ebc1e566e5ba0cd,SPY,buy,market,new,1,gtc,0.0,1,stock,,,
2010-04-01 10:30:00-04:00,DCA,ae961a00630444308ebc1e566e5ba0cd,SPY,buy,market,fill,1,gtc,0.0,1,stock,117.80000305175781,1.5024532769085042,0.0
2010-05-03 09:30:00-04:00,DCA,b95b6740ed54429aba327df53cdff154,SPY,buy,market,new,1,gtc,0.0,1,stock,,,
2010-05-03 09:30:00-04:00,DCA,b95b6740ed54429aba327df53cdff154,SPY,buy,market,fill,1,gtc,0.0,1,stock,119.01000213623047,0.8547445548185685,0.0
2010-06-03 09:30:00-04:00,DCA,f29d52be17d2461a8bc8df884a8e2411,SPY,buy,market,new,1,gtc,0.0,1,stock,,,
2010-06-03 09:30:00-04:00,DCA,f29d52be17d2461a8bc8df884a8e2411,SPY,buy,market,fill,1,gtc,0.0,1,stock,108.61000061035156,1.5043360438001678,0.0
2010-07-06 09:30:00-04:00,DCA,52ec4e7d48c74880b3e1adb8795ef4c6,SPY,buy,market,new,1,gtc,0.0,1,stock,,,
2010-07-06 09:30:00-04:00,DCA,52ec4e7d48c74880b3e1adb8795ef4c6,SPY,buy,market,fill,1,gtc,0.0,1,stock,103.12999725341797,1.8294579714772512,0.0
2010-08-06 09:30:00-04:00,DCA,acc27cecc9e249fba66659b8186f87c4,SPY,buy,market,new,1,gtc,0.0,1,stock,,,
2010-08-06 09:30:00-04:00,DCA,acc27cecc9e249fba66659b8186f87c4,SPY,buy,market,fill,1,gtc,0.0,1,stock,111.73999786376953,0.898473541631285,0.0
2010-09-07 09:30:00-04:00,DCA,8863e000829e49338c489908e4491835,SPY,buy,market,new,1,gtc,0.0,1,stock,,,
2010-09-07 09:30:00-04:00,DCA,8863e000829e49338c489908e4491835,SPY,buy,market,fill,1,gtc,0.0,1,stock,109.86000061035156,1.2581108467498379,0.0
2010-10-08 09:30:00-04:00,DCA,b00b201c7fd348148a03750c42fefd2b,SPY,buy,market,new,1,gtc,0.0,1,stock,,,
2010-10-08 09:30:00-04:00,DCA,b00b201c7fd348148a03750c42fefd2b,SPY,buy,market,fill,1,gtc,0.0,1,stock,116.05000305175781,2.840364638126893,0.0
2010-11-08 09:30:00-05:00,DCA,e38f8321a21f463880c6a96296f43f48,SPY,buy,market,new,1,gtc,0.0,1,stock,,,
2010-11-08 09:30:00-05:00,DCA,e38f8321a21f463880c6a96296f43f48,SPY,buy,market,fill,1,gtc,0.0,1,stock,122.33999633789062,2.6625213896394886,0.0
2010-12-09 09:30:00-05:00,DCA,27100880d13a48279cced09b7fd7c0ba,SPY,buy,market,new,1,gtc,0.0,1,stock,,,
2010-12-09 09:30:00-05:00,DCA,27100880d13a48279cced09b7fd7c0ba,SPY,buy,market,fill,1,gtc,0.0,1,stock,123.97000122070312,2.5824819590138133,0.0
2011-01-10 09:30:00-05:00,DCA,2095db60c3f44baca730bbe4388f7ebb,SPY,buy,market,new,1,gtc,0.0,1,stock,,,
2011-01-10 09:30:00-05:00,DCA,2095db60c3f44baca730bbe4388f7ebb,SPY,buy,market,fill,1,gtc,0.0,1,stock,126.58000183105469,3.040964418586655,0.0
2011-02-10 09:30:00-05:00,DCA,02a6d15f3ed24b5f93dcae4b37c2a485,SPY,buy,market,new,1,gtc,0.0,1,stock,,,
2011-02-10 09:30:00-05:00,DCA,02a6d15f3ed24b5f93dcae4b37c2a485,SPY,buy,market,fill,1,gtc,0.0,1,stock,131.60000610351562,2.858122946868889,0.0
2011-03-14 09:30:00-04:00,DCA,b2fb647bdb27425593c78212d40609c2,SPY,buy,market,new,1,gtc,0.0,1,stock,,,
2011-03-14 09:30:00-04:00,DCA,b2fb647bdb27425593c78212d40609c2,SPY,buy,market,fill,1,gtc,0.0,1,stock,126.58999633789062,3.0360151375666367,0.0
2011-04-14 09:30:00-04:00,DCA,31c960b15fd941d8b454b7969744db2c,SPY,buy,market,new,1,gtc,0.0,1,stock,,,
2011-04-14 09:30:00-04:00,DCA,31c960b15fd941d8b454b7969744db2c,SPY,buy,market,fill,1,gtc,0.0,1,stock,131.8000030517578,3.026846749936709,0.0
2011-05-16 09:30:00-04:00,DCA,3512d036cb5e49e082b9912739698541,SPY,buy,market,new,1,gtc,0.0,1,stock,,,
2011-05-16 09:30:00-04:00,DCA,3512d036cb5e49e082b9912739698541,SPY,buy,market,fill,1,gtc,0.0,1,stock,132.69000244140625,3.299267210171497,0.0
2011-06-16 09:30:00-04:00,DCA,6758235b5d134bcb8fb4ae372b62779b,SPY,buy,market,new,1,gtc,0.0,1,stock,,,
2011-06-16 09:30:00-04:00,DCA,6758235b5d134bcb8fb4ae372b62779b,SPY,buy,market,fill,1,gtc,0.0,1,stock,127.93000030517578,3.6850713527210783,0.0
2011-07-18 09:30:00-04:00,DCA,e049d7214d4f45bab617a791a24f4784,SPY,buy,market,new,1,gtc,0.0,1,stock,,,
2011-07-18 09:30:00-04:00,DCA,e049d7214d4f45bab617a791a24f4784,SPY,buy,market,fill,1,gtc,0.0,1,stock,131.33999633789062,3.1875151596439255,0.0
2011-08-18 09:30:00-04:00,DCA,b91aa35ca4434de89683d45b199b4cf4,SPY,buy,market,new,1,gtc,0.0,1,stock,,,
2011-08-18 09:30:00-04:00,DCA,b91aa35ca4434de89683d45b199b4cf4,SPY,buy,market,fill,1,gtc,0.0,1,stock,112.95999908447266,4.376744547271579,0.0
2011-09-19 09:30:00-04:00,DCA,4626d9e807694f02844550951a37874b,SPY,buy,market,new,1,gtc,0.0,1,stock,,,
2011-09-19 09:30:00-04:00,DCA,4626d9e807694f02844550951a37874b,SPY,buy,market,fill,1,gtc,0.0,1,stock,120.81999969482422,3.66865472182574,0.0
2011-10-20 09:30:00-04:00,DCA,9c208c73c88945db877200f8cf6d6da5,SPY,buy,market,new,1,gtc,0.0,1,stock,,,
2011-10-20 09:30:00-04:00,DCA,9c208c73c88945db877200f8cf6d6da5,SPY,buy,market,fill,1,gtc,0.0,1,stock,123.08999633789062,3.724427257442418,0.0
2011-11-21 09:30:00-05:00,DCA,149f77176f834a86a939987e6ded0c05,SPY,buy,market,new,1,gtc,0.0,1,stock,,,
2011-11-21 09:30:00-05:00,DCA,149f77176f834a86a939987e6ded0c05,SPY,buy,market,fill,1,gtc,0.0,1,stock,120.19999694824219,3.8263437984724593,0.0
2011-12-22 09:30:00-05:00,DCA,f513b1111b2e40e5af6ed71417bf2a19,SPY,buy,market,new,1,gtc,0.0,1,stock,,,
2011-12-22 09:30:00-05:00,DCA,f513b1111b2e40e5af6ed71417bf2a19,SPY,buy,market,fill,1,gtc,0.0,1,stock,124.62999725341797,3.3404899289056855,0.0
2012-01-23 09:30:00-05:00,DCA,acff14257f7a48ab8e1c3605887a113e,SPY,buy,market,new,1,gtc,0.0,1,stock,,,
2012-01-23 09:30:00-05:00,DCA,acff14257f7a48ab8e1c3605887a113e,SPY,buy,market,fill,1,gtc,0.0,1,stock,131.50999450683594,3.178064370289334,0.0
2012-02-23 09:30:00-05:00,DCA,120fe2c5ebe843889842a59a44853978,SPY,buy,market,new,1,gtc,0.0,1,stock,,,
2012-02-23 09:30:00-05:00,DCA,120fe2c5ebe843889842a59a44853978,SPY,buy,market,fill,1,gtc,0.0,1,stock,135.9600067138672,3.099495361958313,0.0
2012-03-26 09:30:00-04:00,DCA,86f503915bcb47b5baedcba4bca965e7,SPY,buy,market,new,1,gtc,0.0,1,stock,,,
2012-03-26 09:30:00-04:00,DCA,86f503915bcb47b5baedcba4bca965e7,SPY,buy,market,fill,1,gtc,0.0,1,stock,141.74000549316406,3.0435963796884598,0.0
2012-04-26 09:30:00-04:00,DCA,41eadf86d0b84b089b0a835334907cb8,SPY,buy,market,new,1,gtc,0.0,1,stock,,,
2012-04-26 09:30:00-04:00,DCA,41eadf86d0b84b089b0a835334907cb8,SPY,buy,market,fill,1,gtc,0.0,1,stock,140.5800018310547,3.104685502764319,0.0
2012-05-29 09:30:00-04:00,DCA,05a3a3c5fdfb49febcf9fb9717338cc5,SPY,buy,market,new,1,gtc,0.0,1,stock,,,
2012-05-29 09:30:00-04:00,DCA,05a3a3c5fdfb49febcf9fb9717338cc5,SPY,buy,market,fill,1,gtc,0.0,1,stock,132.55999755859375,3.461281911392433,0.0
2012-06-29 09:30:00-04:00,DCA,3d8a49a19892413aa6dca15bd52886b3,SPY,buy,market,new,1,gtc,0.0,1,stock,,,
2012-06-29 09:30:00-04:00,DCA,3d8a49a19892413aa6dca15bd52886b3,SPY,buy,market,fill,1,gtc,0.0,1,stock,135.1999969482422,3.5444988717029187,0.0
2012-07-30 09:30:00-04:00,DCA,4d13bd4d349e433fa517de94e1a71331,SPY,buy,market,new,1,gtc,0.0,1,stock,,,
2012-07-30 09:30:00-04:00,DCA,4d13bd4d349e433fa517de94e1a71331,SPY,buy,market,fill,1,gtc,0.0,1,stock,138.49000549316406,3.705339745509308,0.0
2012-08-30 09:30:00-04:00,DCA,c307506b70674ca18a9425be74b30e05,SPY,buy,market,new,1,gtc,0.0,1,stock,,,
2012-08-30 09:30:00-04:00,DCA,c307506b70674ca18a9425be74b30e05,SPY,buy,market,fill,1,gtc,0.0,1,stock,141.2899932861328,3.7108236482110235,0.0
2012-10-01 09:30:00-04:00,DCA,4f0f3004888c4d7791381f06afee7f2a,SPY,buy,market,new,1,gtc,0.0,1,stock,,,
2012-10-01 09:30:00-04:00,DCA,4f0f3004888c4d7791381f06afee7f2a,SPY,buy,market,fill,1,gtc,0.0,1,stock,144.9199981689453,3.549717244976535,0.0
2012-11-01 09:30:00-04:00,DCA,080cbd2292c94899936b8c489b4e9af0,SPY,buy,market,new,1,gtc,0.0,1,stock,,,
2012-11-01 09:30:00-04:00,DCA,080cbd2292c94899936b8c489b4e9af0,SPY,buy,market,fill,1,gtc,0.0,1,stock,143.67999267578125,3.589750037638718,0.0
2012-12-03 09:30:00-05:00,DCA,d261098bf35e4e35b7e97189515452de,SPY,buy,market,new,1,gtc,0.0,1,stock,,,
2012-12-03 09:30:00-05:00,DCA,d261098bf35e4e35b7e97189515452de,SPY,buy,market,fill,1,gtc,0.0,1,stock,142.8000030517578,3.5644363688233227,0.0
2013-01-03 09:30:00-05:00,DCA,ffc2b16778d3418a9d798502ad4262ae,SPY,buy,market,new,1,gtc,0.0,1,stock,,,
2013-01-03 09:30:00-05:00,DCA,ffc2b16778d3418a9d798502ad4262ae,SPY,buy,market,fill,1,gtc,0.0,1,stock,145.99000549316406,3.5638981397054925,0.0
2013-02-04 09:30:00-05:00,DCA,efc4fafb19f04597af7c158dfbced803,SPY,buy,market,new,1,gtc,0.0,1,stock,,,
2013-02-04 09:30:00-05:00,DCA,efc4fafb19f04597af7c158dfbced803,SPY,buy,market,fill,1,gtc,0.0,1,stock,150.32000732421875,2.8997086202514333,0.0
2013-03-07 09:30:00-05:00,DCA,698e318ea73d4e33b40b82b5520d5432,SPY,buy,market,new,1,gtc,0.0,1,stock,,,
2013-03-07 09:30:00-05:00,DCA,698e318ea73d4e33b40b82b5520d5432,SPY,buy,market,fill,1,gtc,0.0,1,stock,154.6999969482422,2.755121413345677,0.0
2013-04-08 09:30:00-04:00,DCA,46eb56cb8eee4972a30bf1f3464d39f4,SPY,buy,market,new,1,gtc,0.0,1,stock,,,
2013-04-08 09:30:00-04:00,DCA,46eb56cb8eee4972a30bf1f3464d39f4,SPY,buy,market,fill,1,gtc,0.0,1,stock,156.5,2.92200260030532,0.0
2013-05-09 09:30:00-04:00,DCA,9a89cb43d15e451d97286068b21b133b,SPY,buy,market,new,1,gtc,0.0,1,stock,,,
2013-05-09 09:30:00-04:00,DCA,9a89cb43d15e451d97286068b21b133b,SPY,buy,market,fill,1,gtc,0.0,1,stock,162.99000549316406,2.703387277865063,0.0
2013-06-10 09:30:00-04:00,DCA,fd5703e597d644f09b10a5840c9c1186,SPY,buy,market,new,1,gtc,0.0,1,stock,,,
2013-06-10 09:30:00-04:00,DCA,fd5703e597d644f09b10a5840c9c1186,SPY,buy,market,fill,1,gtc,0.0,1,stock,163.3000030517578,2.784289066008921,0.0
2013-07-11 09:30:00-04:00,DCA,b42fce00f82b455e8cbe40ddb8a2999c,SPY,buy,market,new,1,gtc,0.0,1,stock,,,
2013-07-11 09:30:00-04:00,DCA,b42fce00f82b455e8cbe40ddb8a2999c,SPY,buy,market,fill,1,gtc,0.0,1,stock,167.38999938964844,2.7111018845722805,0.0
2013-08-12 09:30:00-04:00,DCA,67ff74b5a9324e0dbe10ab92748d5489,SPY,buy,market,new,1,gtc,0.0,1,stock,,,
2013-08-12 09:30:00-04:00,DCA,67ff74b5a9324e0dbe10ab92748d5489,SPY,buy,market,fill,1,gtc,0.0,1,stock,169.41000366210938,2.657670213036745,0.0
2013-09-12 09:30:00-04:00,DCA,cb6faa40b9f64795ad74a13b024a75e1,SPY,buy,market,new,1,gtc,0.0,1,stock,,,
2013-09-12 09:30:00-04:00,DCA,cb6faa40b9f64795ad74a13b024a75e1,SPY,buy,market,fill,1,gtc,0.0,1,stock,169.1300048828125,2.738954335066859,0.0
2013-10-14 09:30:00-04:00,DCA,120ad88ee4604019958bec66f5f8212d,SPY,buy,market,new,1,gtc,0.0,1,stock,,,
2013-10-14 09:30:00-04:00,DCA,120ad88ee4604019958bec66f5f8212d,SPY,buy,market,fill,1,gtc,0.0,1,stock,170.50999450683594,2.667460248644011,0.0
2013-11-14 09:30:00-05:00,DCA,c94e9b0470594a2099ffab7bec43a635,SPY,buy,market,new,1,gtc,0.0,1,stock,,,
2013-11-14 09:30:00-05:00,DCA,c94e9b0470594a2099ffab7bec43a635,SPY,buy,market,fill,1,gtc,0.0,1,stock,178.5399932861328,2.326036998889978,0.0
2013-12-16 09:30:00-05:00,DCA,7f8734d9b9e44887b1dc34a0af44d4fa,SPY,buy,market,new,1,gtc,0.0,1,stock,,,
2013-12-16 09:30:00-05:00,DCA,7f8734d9b9e44887b1dc34a0af44d4fa,SPY,buy,market,fill,1,gtc,0.0,1,stock,178.9499969482422,2.476784198427612,0.0
2014-01-16 09:30:00-05:00,DCA,2e0057607e7b416b975576ad8e3413e1,SPY,buy,market,new,1,gtc,0.0,1,stock,,,
2014-01-16 09:30:00-05:00,DCA,2e0057607e7b416b975576ad8e3413e1,SPY,buy,market,fill,1,gtc,0.0,1,stock,184.27999877929688,2.244928853376013,0.0
2014-02-18 09:30:00-05:00,DCA,05c536580a74457dbdfb18abe9b23dce,SPY,buy,market,new,1,gtc,0.0,1,stock,,,
2014-02-18 09:30:00-05:00,DCA,05c536580a74457dbdfb18abe9b23dce,SPY,buy,market,fill,1,gtc,0.0,1,stock,184.17999267578125,2.326391790128629,0.0
2014-03-21 10:30:00-04:00,DCA,7cf9cc9be9734dab9069ebaf7e69d901,SPY,buy,market,new,1,gtc,0.0,1,stock,,,
2014-03-21 10:30:00-04:00,DCA,7cf9cc9be9734dab9069ebaf7e69d901,SPY,buy,market,fill,1,gtc,0.0,1,stock,187.7100067138672,2.262124230008148,0.0
2014-04-21 10:30:00-04:00,DCA,7e8f20a453234d279b2362d19354ab8c,SPY,buy,market,new,1,gtc,0.0,1,stock,,,
2014-04-21 10:30:00-04:00,DCA,7e8f20a453234d279b2362d19354ab8c,SPY,buy,market,fill,1,gtc,0.0,1,stock,187.22999572753906,2.1898958614308333,0.0
2014-05-22 10:30:00-04:00,DCA,8f488849eae348c6b38fec8f32b94a49,SPY,buy,market,new,1,gtc,0.0,1,stock,,,
2014-05-22 10:30:00-04:00,DCA,8f488849eae348c6b38fec8f32b94a49,SPY,buy,market,fill,1,gtc,0.0,1,stock,189.75999450683594,2.1881866723860917,0.0
2014-06-23 09:30:00-04:00,DCA,04efb96230d945b2893a759e2dc65fab,SPY,buy,market,new,1,gtc,0.0,1,stock,,,
2014-06-23 09:30:00-04:00,DCA,04efb96230d945b2893a759e2dc65fab,SPY,buy,market,fill,1,gtc,0.0,1,stock,195.52999877929688,2.168713840921249,0.0
2014-07-24 09:30:00-04:00,DCA,3bd8b41296c94f599dba88f5fec351b8,SPY,buy,market,new,1,gtc,0.0,1,stock,,,
2014-07-24 09:30:00-04:00,DCA,3bd8b41296c94f599dba88f5fec351b8,SPY,buy,market,fill,1,gtc,0.0,1,stock,198.08999633789062,2.0971564742086697,0.0
2014-08-25 09:30:00-04:00,DCA,541d78d5e95145aa9ff8e21583145cd1,SPY,buy,market,new,1,gtc,0.0,1,stock,,,
2014-08-25 09:30:00-04:00,DCA,541d78d5e95145aa9ff8e21583145cd1,SPY,buy,market,fill,1,gtc,0.0,1,stock,200.3300018310547,2.1962805084371717,0.0
2014-09-25 09:30:00-04:00,DCA,8588ab9ab6f542638ea19fc1bcc4e6bf,SPY,buy,market,new,1,gtc,0.0,1,stock,,,
2014-09-25 09:30:00-04:00,DCA,8588ab9ab6f542638ea19fc1bcc4e6bf,SPY,buy,market,fill,1,gtc,0.0,1,stock,196.6999969482422,2.188854454590403,0.0
2014-10-27 09:30:00-04:00,DCA,c0341ce0db74480f9a165a732a92b6d4,SPY,buy,market,new,1,gtc,0.0,1,stock,,,
2014-10-27 09:30:00-04:00,DCA,c0341ce0db74480f9a165a732a92b6d4,SPY,buy,market,fill,1,gtc,0.0,1,stock,196.82000732421875,2.458284289893731,0.0
2014-11-28 09:30:00-05:00,DCA,1196523c6ba941b1889444a8799d7f65,SPY,buy,market,new,1,gtc,0.0,1,stock,,,
2014-11-28 09:30:00-05:00,DCA,1196523c6ba941b1889444a8799d7f65,SPY,buy,market,fill,1,gtc,0.0,1,stock,207.49000549316406,2.148981232014714,0.0
2014-12-29 09:30:00-05:00,DCA,0e9f926b272e469bb816849c4eda4c61,SPY,buy,market,new,1,gtc,0.0,1,stock,,,
2014-12-29 09:30:00-05:00,DCA,0e9f926b272e469bb816849c4eda4c61,SPY,buy,market,fill,1,gtc,0.0,1,stock,208.22000122070312,2.1997396993337417,0.0
2015-01-29 09:30:00-05:00,DCA,a3abcd6c90ec4499ab662addb94aff01,SPY,buy,market,new,1,gtc,0.0,1,stock,,,
2015-01-29 09:30:00-05:00,DCA,a3abcd6c90ec4499ab662addb94aff01,SPY,buy,market,fill,1,gtc,0.0,1,stock,200.3800048828125,2.377095306110944,0.0
2015-03-02 09:30:00-05:00,DCA,75ec92bbaa6d4bd79a67ea8aab0d3cc9,SPY,buy,market,new,1,gtc,0.0,1,stock,,,
2015-03-02 09:30:00-05:00,DCA,75ec92bbaa6d4bd79a67ea8aab0d3cc9,SPY,buy,market,fill,1,gtc,0.0,1,stock,210.77999877929688,2.2358167246724725,0.0
2015-04-02 10:30:00-04:00,DCA,f7883112e873452bab16864c5b061203,SPY,buy,market,new,1,gtc,0.0,1,stock,,,
2015-04-02 10:30:00-04:00,DCA,f7883112e873452bab16864c5b061203,SPY,buy,market,fill,1,gtc,0.0,1,stock,205.6199951171875,2.4762028531846383,0.0
2015-05-04 09:30:00-04:00,DCA,de5a7868b77d4642911ad5cdcac62fb1,SPY,buy,market,new,1,gtc,0.0,1,stock,,,
2015-05-04 09:30:00-04:00,DCA,de5a7868b77d4642911ad5cdcac62fb1,SPY,buy,market,fill,1,gtc,0.0,1,stock,211.02999877929688,2.380551502372322,0.0
2015-06-04 09:30:00-04:00,DCA,91989bbaeb4c42a4a94482e664c2bcb9,SPY,buy,market,new,1,gtc,0.0,1,stock,,,
2015-06-04 09:30:00-04:00,DCA,91989bbaeb4c42a4a94482e664c2bcb9,SPY,buy,market,fill,1,gtc,0.0,1,stock,209.9499969482422,2.371950548555777,0.0
2015-07-06 09:30:00-04:00,DCA,7d59b93fa352442c8c1a9a003734359a,SPY,buy,market,new,1,gtc,0.0,1,stock,,,
2015-07-06 09:30:00-04:00,DCA,7d59b93fa352442c8c1a9a003734359a,SPY,buy,market,fill,1,gtc,0.0,1,stock,206.9600067138672,2.5850646231195826,0.0
2015-08-06 09:30:00-04:00,DCA,322fd05d35864fcea49a5bc2c0b9b2d2,SPY,buy,market,new,1,gtc,0.0,1,stock,,,
2015-08-06 09:30:00-04:00,DCA,322fd05d35864fcea49a5bc2c0b9b2d2,SPY,buy,market,fill,1,gtc,0.0,1,stock,208.16000366210938,2.445724733580486,0.0
2015-09-08 09:30:00-04:00,DCA,b841852cc65446de833789540fcd6358,SPY,buy,market,new,1,gtc,0.0,1,stock,,,
2015-09-08 09:30:00-04:00,DCA,b841852cc65446de833789540fcd6358,SPY,buy,market,fill,1,gtc,0.0,1,stock,199.32000732421875,2.6168558252235896,0.0
2015-10-09 09:30:00-04:00,DCA,2721298be34440328fe257bcfe999c2f,SPY,buy,market,new,1,gtc,0.0,1,stock,,,
2015-10-09 09:30:00-04:00,DCA,2721298be34440328fe257bcfe999c2f,SPY,buy,market,fill,1,gtc,0.0,1,stock,201.3800048828125,2.7025334183063947,0.0
2015-11-09 09:30:00-05:00,DCA,29ff799bd2bd4ee49d9247f76f17d29f,SPY,buy,market,new,1,gtc,0.0,1,stock,,,
2015-11-09 09:30:00-05:00,DCA,29ff799bd2bd4ee49d9247f76f17d29f,SPY,buy,market,fill,1,gtc,0.0,1,stock,209.30999755859375,2.5387790091978406,0.0
2015-12-10 09:30:00-05:00,DCA,71e098df8b654e2fbcb34f655ac25dad,SPY,buy,market,new,1,gtc,0.0,1,stock,,,
2015-12-10 09:30:00-05:00,DCA,71e098df8b654e2fbcb34f655ac25dad,SPY,buy,market,fill,1,gtc,0.0,1,stock,205.4199981689453,2.627180793425053,0.0
